Workbook

Sheet Characters
A1: ID | B1: level | C1: level_cap | D1: levels_to_up | E1: side | F1: unit_side | G1: unit_class | H1: attack_type | I1: str | J1: spd | K1: dex | L1: agi | M1: vit | N1: mov | O1: movwm | P1: atck_range | Q1: zone_radius | R1: atck_all | S1: atck_zone | T1: Control | U1: Cover | V1: reserve | W1: res_pierce | X1: res_blunt | Y1: res_fire | Z1: res_water | AA1: res_air | AB1: res_earth | AC1: res_death | AD1: res_mind | AE1: no_retreat | AF1: vampire | AG1: boss_tag | AH1: no_rotate | AI1: keycharacter | AJ1: ship | AK1: Healer | AL1: Landguardian | AM1: skill | AN1: param0 | AO1: param1 | AP1: param2 | AQ1: raceleader | AR1: Leadership | AS1: leadership_cost | AT1: exp_base | AU1: cost | AV1: skill_grid | AW1: viewradius | AX1: ap | AY1: up | AZ1: dmg_str_mod | BA1: dmg_agi_mod | BB1: crit_dex_mod | BC1: crit_vit_mod | BD1: flee_agi_mod | BE1: flee_spd_mod | BF1: hp_vit_mod | BG1: hp_str_mod | BH1: ini_spd_mod | BI1: ini_dex_mod | BJ1: mov_mod | BK1: movwm_mod | BL1: cover_mod | BM1: viewradius_mod | BN1: Regen_Mod | BO1: Discount_Mod | BP1: Bonusexp_Mod | BR1: damage | BS1: damage_ap | BT1: hp | BU1: evasion | BV1: initiative | BW1: accuracy
A2: string | B2: int | C2: int | D2: int | E2: custom | F2: string | G2: custom | H2: string | I2: int | J2: int | K2: int | L2: int | M2: int | N2: int | O2: int | P2: int | Q2: int | R2: bool | S2: bool | T2: int | U2: int | V2: int | W2: int | X2: int | Y2: int | Z2: int | AA2: int | AB2: int | AC2: int | AD2: int | AE2: bool | AF2: int | AG2: bool | AH2: bool | AI2: bool | AJ2: string | AK2: int | AL2: bool | AM2: no_tag | AN2: no_tag | AO2: no_tag | AP2: no_tag | AQ2: bool | AR2: int | AS2: int | AT2: int | AU2: int | AV2: string | AW2: int | AX2: int | AY2: int | AZ2: int | BA2: int | BB2: int | BC2: int | BD2: int | BE2: int | BF2: int | BG2: int | BH2: int | BI2: int | BJ2: int | BK2: int | BL2: int | BM2: int | BN2: int | BO2: int | BP2: int | BR2: int | BS2: int | BT2: int | BU2: int | BV2: int | BW2: int
A3: neutrals_goblin | BR3: =$I3*($AZ3/100)+$L3*($BA3/100) -> 0 | BT3: =$I3*($BG3/100)+$M3*($BF3/100) -> 0 | BU3: =$L3*($BD3/100)+$J3*($BE3/100) -> 0 | BV3: =K3*(BI3/100)+J3*(BH3/100)+8 -> 8 | BW3: =$K3*($BB3/100)+$M3*($BC3/100) -> 0
A4: neutrals_imp | BR4: =$I4*($AZ4/100)+$L4*($BA4/100) -> 0 | BT4: =$I4*($BG4/100)+$M4*($BF4/100) -> 0 | BU4: =$L4*($BD4/100)+$J4*($BE4/100) -> 0 | BV4: =K4*(BI4/100)+J4*(BH4/100)+8 -> 8 | BW4: =$K4*($BB4/100)+$M4*($BC4/100) -> 0
A5: neutrals_peasant | BR5: =$I5*($AZ5/100)+$L5*($BA5/100) -> 0 | BT5: =$I5*($BG5/100)+$M5*($BF5/100) -> 0 | BU5: =$L5*($BD5/100)+$J5*($BE5/100) -> 0 | BV5: =K5*(BI5/100)+J5*(BH5/100)+8 -> 8 | BW5: =$K5*($BB5/100)+$M5*($BC5/100) -> 0
A6: neutrals_wolfgrey | BR6: =$I6*($AZ6/100)+$L6*($BA6/100) -> 0 | BT6: =$I6*($BG6/100)+$M6*($BF6/100) -> 0 | BU6: =$L6*($BD6/100)+$J6*($BE6/100) -> 0 | BV6: =K6*(BI6/100)+J6*(BH6/100)+8 -> 8 | BW6: =$K6*($BB6/100)+$M6*($BC6/100) -> 0
A7: story_amina | BR7: =$I7*($AZ7/100)+$L7*($BA7/100) -> 0 | BT7: =$I7*($BG7/100)+$M7*($BF7/100) -> 0 | BU7: =$L7*($BD7/100)+$J7*($BE7/100) -> 0 | BV7: =K7*(BI7/100)+J7*(BH7/100)+8 -> 8 | BW7: =$K7*($BB7/100)+$M7*($BC7/100) -> 0
A8: story_erion | BR8: =$I8*($AZ8/100)+$L8*($BA8/100) -> 0 | BT8: =$I8*($BG8/100)+$M8*($BF8/100) -> 0 | BU8: =$L8*($BD8/100)+$J8*($BE8/100) -> 0 | BV8: =K8*(BI8/100)+J8*(BH8/100)+8 -> 8 | BW8: =$K8*($BB8/100)+$M8*($BC8/100) -> 0
A9: story_haarhus-demon | BR9: =$I9*($AZ9/100)+$L9*($BA9/100) -> 0 | BT9: =$I9*($BG9/100)+$M9*($BF9/100) -> 0 | BU9: =$L9*($BD9/100)+$J9*($BE9/100) -> 0 | BV9: =K9*(BI9/100)+J9*(BH9/100)+8 -> 8 | BW9: =$K9*($BB9/100)+$M9*($BC9/100) -> 0
A10: story_lambert | BR10: =$I10*($AZ10/100)+$L10*($BA10/100) -> 0 | BT10: =$I10*($BG10/100)+$M10*($BF10/100) -> 0 | BU10: =$L10*($BD10/100)+$J10*($BE10/100) -> 0 | BV10: =K10*(BI10/100)+J10*(BH10/100)+8 -> 8 | BW10: =$K10*($BB10/100)+$M10*($BC10/100) -> 0
A11: story_lemuan | BR11: =$I11*($AZ11/100)+$L11*($BA11/100) -> 0 | BT11: =$I11*($BG11/100)+$M11*($BF11/100) -> 0 | BU11: =$L11*($BD11/100)+$J11*($BE11/100) -> 0 | BV11: =K11*(BI11/100)+J11*(BH11/100)+8 -> 8 | BW11: =$K11*($BB11/100)+$M11*($BC11/100) -> 0
A12: story_salaar | BR12: =$I12*($AZ12/100)+$L12*($BA12/100) -> 0 | BT12: =$I12*($BG12/100)+$M12*($BF12/100) -> 0 | BU12: =$L12*($BD12/100)+$J12*($BE12/100) -> 0 | BV12: =K12*(BI12/100)+J12*(BH12/100)+8 -> 8 | BW12: =$K12*($BB12/100)+$M12*($BC12/100) -> 0
A13: story_haarhus-elf | BR13: =$I13*($AZ13/100)+$L13*($BA13/100) -> 0 | BT13: =$I13*($BG13/100)+$M13*($BF13/100) -> 0 | BU13: =$L13*($BD13/100)+$J13*($BE13/100) -> 0 | BV13: =K13*(BI13/100)+J13*(BH13/100)+8 -> 8 | BW13: =$K13*($BB13/100)+$M13*($BC13/100) -> 0
A14: story_inoel | BR14: =$I14*($AZ14/100)+$L14*($BA14/100) -> 0 | BT14: =$I14*($BG14/100)+$M14*($BF14/100) -> 0 | BU14: =$L14*($BD14/100)+$J14*($BE14/100) -> 0 | BV14: =K14*(BI14/100)+J14*(BH14/100)+8 -> 8 | BW14: =$K14*($BB14/100)+$M14*($BC14/100) -> 0
... A219: neutrals_fatimp_morph | BR219: =$I219*($AZ219/100)+$L219*($BA219/100) -> 0 | BT219: =$I219*($BG219/100)+$M219*($BF219/100) -> 0 | BU219: =$L219*($BD219/100)+$J219*($BE219/100) -> 0 | BV219: =K219*(BI219/100)+J219*(BH219/100)+8 -> 8 | BW219: =$K219*($BB219/100)+$M219*($BC219/100) -> 0
BR220: =$I220*($AZ220/100)+$L220*($BA220/100) -> 0 | BT220: =$I220*($BG220/100)+$M220*($BF220/100) -> 0 | BU220: =$L220*($BD220/100)+$J220*($BE220/100) -> 0 | BV220: =K220*(BI220/100)+J220*(BH220/100)+8 -> 8 | BW220: =$K220*($BB220/100)+$M220*($BC220/100) -> 0

Sheet Char_baseline
A1: class | B1: level | C1: leadership cost | D1: damage avg
A2: range | B2: 1 | C2: 1 | D2: =AVERAGEIFS(Characters!$BR$3:$BR$220,Characters!$G$3:$G$220,A2,Characters!$B$3:$B$220,B2,Characters!$AS$3:$AS$220,C2) -> #DIV/0!
A3: range | B3: 5 | C3: 1 | D3: =AVERAGEIFS(Characters!$BR$3:$BR$220,Characters!$G$3:$G$220,A3,Characters!$B$3:$B$220,B3,Characters!$AS$3:$AS$220,C3) -> #DIV/0!
A4: range | B4: 13 | C4: 1 | D4: =AVERAGEIFS(Characters!$BR$3:$BR$220,Characters!$G$3:$G$220,A4,Characters!$B$3:$B$220,B4,Characters!$AS$3:$AS$220,C4) -> #DIV/0!
A5: range | B5: 22 | C5: 1 | D5: =AVERAGEIFS(Characters!$BR$3:$BR$220,Characters!$G$3:$G$220,A5,Characters!$B$3:$B$220,B5,Characters!$AS$3:$AS$220,C5) -> #DIV/0!
A6: range | B6: 30 | C6: 1 | D6: =AVERAGEIFS(Characters!$BR$3:$BR$220,Characters!$G$3:$G$220,A6,Characters!$B$3:$B$220,B6,Characters!$AS$3:$AS$220,C6) -> #DIV/0!
A7: caster | B7: 1 | C7: 1 | D7: =AVERAGEIFS(Characters!$BR$3:$BR$220,Characters!$G$3:$G$220,A7,Characters!$B$3:$B$220,B7,Characters!$AS$3:$AS$220,C7,Characters!$AK$3:$AK$220,"") -> #DIV/0!
A8: caster | B8: 5 | C8: 1 | D8: =AVERAGEIFS(Characters!$BR$3:$BR$220,Characters!$G$3:$G$220,A8,Characters!$B$3:$B$220,B8,Characters!$AS$3:$AS$220,C8,Characters!$AK$3:$AK$220,"") -> #DIV/0!
A9: caster | B9: 13 | C9: 1 | D9: =AVERAGEIFS(Characters!$BR$3:$BR$220,Characters!$G$3:$G$220,A9,Characters!$B$3:$B$220,B9,Characters!$AS$3:$AS$220,C9,Characters!$AK$3:$AK$220,"") -> #DIV/0!
A10: caster | B10: 22 | C10: 1 | D10: =AVERAGEIFS(Characters!$BR$3:$BR$220,Characters!$G$3:$G$220,A10,Characters!$B$3:$B$220,B10,Characters!$AS$3:$AS$220,C10,Characters!$AK$3:$AK$220,"") -> #DIV/0!
A11: caster | B11: 30 | C11: 1 | D11: =AVERAGEIFS(Characters!$BR$3:$BR$220,Characters!$G$3:$G$220,A11,Characters!$B$3:$B$220,B11,Characters!$AS$3:$AS$220,C11,Characters!$AK$3:$AK$220,"") -> #DIV/0!
A12: melee | B12: 1 | C12: 1 | D12: =AVERAGEIFS(Characters!$BR$3:$BR$220,Characters!$G$3:$G$220,A12,Characters!$B$3:$B$220,B12,Characters!$AS$3:$AS$220,C12) -> #DIV/0!
A13: melee | B13: 5 | C13: 1 | D13: =AVERAGEIFS(Characters!$BR$3:$BR$220,Characters!$G$3:$G$220,A13,Characters!$B$3:$B$220,B13,Characters!$AS$3:$AS$220,C13) -> #DIV/0!
A14: melee | B14: 13 | C14: 1 | D14: =AVERAGEIFS(Characters!$BR$3:$BR$220,Characters!$G$3:$G$220,A14,Characters!$B$3:$B$220,B14,Characters!$AS$3:$AS$220,C14) -> #DIV/0!
A15: melee | B15: 22 | C15: 1 | D15: =AVERAGEIFS(Characters!$BR$3:$BR$220,Characters!$G$3:$G$220,A15,Characters!$B$3:$B$220,B15,Characters!$AS$3:$AS$220,C15) -> #DIV/0!
A16: melee | B16: 30 | C16: 1 | D16: =AVERAGEIFS(Characters!$BR$3:$BR$220,Characters!$G$3:$G$220,A16,Characters!$B$3:$B$220,B16,Characters!$AS$3:$AS$220,C16) -> #DIV/0!
A17: rogue | B17: 1 | C17: 1 | D17: =AVERAGEIFS(Characters!$BR$3:$BR$220,Characters!$G$3:$G$220,A17,Characters!$B$3:$B$220,B17,Characters!$AS$3:$AS$220,C17) -> #DIV/0!
A18: rogue | B18: 5 | C18: 1 | D18: =AVERAGEIFS(Characters!$BR$3:$BR$220,Characters!$G$3:$G$220,A18,Characters!$B$3:$B$220,B18,Characters!$AS$3:$AS$220,C18) -> #DIV/0!
A19: rogue | B19: 13 | C19: 1 | D19: =AVERAGEIFS(Characters!$BR$3:$BR$220,Characters!$G$3:$G$220,A19,Characters!$B$3:$B$220,B19,Characters!$AS$3:$AS$220,C19) -> #DIV/0!
A20: rogue | B20: 22 | C20: 1 | D20: =AVERAGEIFS(Characters!$BR$3:$BR$220,Characters!$G$3:$G$220,A20,Characters!$B$3:$B$220,B20,Characters!$AS$3:$AS$220,C20) -> #DIV/0!
A21: rogue | B21: 30 | C21: 1 | D21: =AVERAGEIFS(Characters!$BR$3:$BR$220,Characters!$G$3:$G$220,A21,Characters!$B$3:$B$220,B21,Characters!$AS$3:$AS$220,C21) -> #DIV/0!
A22: melee | B22: 1 | C22: 2 | D22: =AVERAGEIFS(Characters!$BT$3:$BT$220,Characters!$H$3:$H$220,A22,Characters!$C$3:$C$220,B22,Characters!$AU$3:$AU$220,C22) -> #DIV/0!
A23: melee | B23: 5 | C23: 2 | D23: =AVERAGEIFS(Characters!$BT$3:$BT$220,Characters!$H$3:$H$220,A23,Characters!$C$3:$C$220,B23,Characters!$AU$3:$AU$220,C23) -> #DIV/0!
A24: melee | B24: 13 | C24: 2 | D24: =AVERAGEIFS(Characters!$BT$3:$BT$220,Characters!$H$3:$H$220,A24,Characters!$C$3:$C$220,B24,Characters!$AU$3:$AU$220,C24) -> #DIV/0!
A25: melee | B25: 22 | C25: 2 | D25: =AVERAGEIFS(Characters!$BT$3:$BT$220,Characters!$H$3:$H$220,A25,Characters!$C$3:$C$220,B25,Characters!$AU$3:$AU$220,C25) -> #DIV/0!
A26: melee | B26: 30 | C26: 2 | D26: =AVERAGEIFS(Characters!$BT$3:$BT$220,Characters!$H$3:$H$220,A26,Characters!$C$3:$C$220,B26,Characters!$AU$3:$AU$220,C26) -> #DIV/0!
